,occupation,count,Harris_Category,Source,HISCO_majorgroup,Subcategory,HISCO_minorgroup,Translation_eng,HISCO_majorgroup_descr
0,curator,1069,Managerial,Waltzing,2,,21,"he who takes charge, a manager, overseer, superintendent, keeper, commissioner, delegate",Administrative and managerial workers
1,faber,690,Metal-Working,Waltzing - Rome,9,,99,"a worker in wood, stone, metal, etc., a forger, smith, artificer, carpenter, joiner","Production and related workers, transport equipment operators and labourers"
2,medicus,252,Miscellaneous Services,Waltzing - Rome,0,,6,a surgeon,"Professional, technical and related workers"
3,aerarius,237,Metal-Working,Waltzing - Rome,8,,83,metal worker,"Production and related workers, transport equipment operators and labourers"
4,scriba,224,Education,Waltzing - Rome,3,,30,"a public writer, official scribe, professional writer, clerk, secretary",Clerical and related workers
5,negotiator,148,Retail,Waltzing - Rome,4,,43,"one who does business by wholesale, a wholesale dealer, a banker, a factor",Sales workers
6,sagittarius,128,Metal-Working,Petrikovits 1981a,8,,83,"arrow-makers, arrow-smiths","Production and related workers, transport equipment operators and labourers"
7,centonarius,124,Clothing,Waltzing - Rome,7,,79,"a maker of patchwork, a dealer in rags","Production and related workers, transport equipment operators and labourers"
8,mensor,85,Miscellaneous Services,Waltzing - Rome,0,,2,"a measurer, surveyor","Professional, technical and related workers"
9,argentarius,80,Metal-Working,Waltzing - Rome,8,,88,"jewellery maker, banker","Production and related workers, transport equipment operators and labourers"
10,vexillarius,77,Miscellaneous Services,Waltzing - provinces,8,Military,83,"a standard-bearer, maker","Production and related workers, transport equipment operators and labourers"
11,dendrophorus,68,Building,Waltzing - Rome,9,Wood worker,95,a carpenter,"Production and related workers, transport equipment operators and labourers"
12,vestiarius,50,Retail,Waltzing - Rome,4,,43,a clothes-dealer,Sales workers
13,scaenicus,45,Performing Arts,Waltzing - Rome,1,,17,"of the stage, scenic, dramatic, theatrical","Professional, technical and related workers"
14,pistor,42,Food-Production,Waltzing - Rome,6,,61,"one who pounds corn in a mortar or grinds it in a hand-mill, a miller, a baker","Agricultural, animal husbandry and forestry workers, fishermen and hunters"
15,architectus,41,Building,Petrikovits 1981a,0,,2,"a master-builder, architect","Professional, technical and related workers"
16,arcarius,37,Finance,Petrikovits 1981a,3,,31,"treasurer, a controller of public revenues",Clerical and related workers
17,nauta,36,Transport,Waltzing - Rome,9,Maritime/water transport,98,"a sailor, seaman, mariner, merchant","Production and related workers, transport equipment operators and labourers"
18,negotians,36,Retail,Waltzing - Rome,4,,45,trader,Sales workers
19,gladiator,34,Performing Arts,Waltzing - Rome,1,,17,gladiator,"Professional, technical and related workers"
20,tignuarius,34,Building,Petrikovits 1981a,9,Wood worker,95,carpenter,"Production and related workers, transport equipment operators and labourers"
21,possessor,29,Managerial,Waltzing - provinces,2,,22,"a possessor, owner",Administrative and managerial workers
22,lecticarius,29,Food-Production,Waltzing - Rome,5,,53,a cook,Service workers
23,vinarius,29,Food-Retail,Waltzing - provinces,4,,43,"a wine-dealer, vintner",Sales workers
24,cocus,29,Food-Production,Petrikovits 1981a,5,,53,a cook ,Service workers
25,conditor,28,Food-Production,Petrikovits 1981a,5,,53,"cook, a seasoner, pickler",Service workers
26,mercator,28,Retail,Waltzing - Rome,4,,45,trader,Sales workers
27,tignarius,27,Building,Waltzing - provinces,9,Wood worker,95,carpenter,"Production and related workers, transport equipment operators and labourers"
28,sagarius,26,Retail,Waltzing - Rome,4,,43,a dealer in mantles,Sales workers
29,structor,26,Building,Waltzing - Rome,9,Wood worker,95,"a builder, mason, carpenter","Production and related workers, transport equipment operators and labourers"
30,cornicen,26,Performing Arts,Waltzing - Rome,1,,17,"a hornblower, trumpeter, cornet-player","Professional, technical and related workers"
31,unctor,26,Miscellaneous Services,Waltzing - Rome,5,,57,an anointer,Service workers
32,ornatrix,25,Miscellaneous Services,Petrikovits 1981a,5,,54,"female adorner, dresser",Service workers
33,horrearius,25,Managerial,Waltzing - Rome,2,,22,the superintendent of a storehouse,Administrative and managerial workers
34,marmorarius,24,Building,Waltzing - Rome,9,Stone worker,95,marble worker,"Production and related workers, transport equipment operators and labourers"
35,nummularius,23,Finance,Waltzing - Rome,3,,33,a money-changer,Clerical and related workers
36,navalis,23,Transport,Petrikovits 1981a,9,Maritime/water transport,98,"sailors, seamen","Production and related workers, transport equipment operators and labourers"
37,fullo,22,Clothing,Waltzing - Rome,7,,75,a cloth-fuller,"Production and related workers, transport equipment operators and labourers"
38,tonsor,20,Miscellaneous Services,Waltzing - Rome,5,,57,"a shearer, clipper, shaver, hair-cutter, barber",Service workers
39,sutor,20,Clothing,Waltzing - Rome,8,Shoe maker,80,"a shoemaker, cobbler","Production and related workers, transport equipment operators and labourers"
40,pantomimus,20,Performing Arts,Waltzing - provinces,1,,17,a ballet-dancer,"Professional, technical and related workers"
41,unguentarius,20,Miscellaneous Services,Petrikovits 1981a,5,,57,perfume or ointment maker,Service workers
42,retiarius,19,Performing Arts,Waltzing - provinces,1,,17,"a gladiator who used a net to entangle his adversary, net-fighter","Professional, technical and related workers"
43,venator,18,Miscellaneous Services,Waltzing - Rome,6,,64,a hunter,"Agricultural, animal husbandry and forestry workers, fishermen and hunters"
44,redemptor,18,Food-Production,Petrikovits 1981a,5,,53,"a miller, bread-maker, baker",Service workers
45,pictor,18,Plastic Arts,Petrikovits 1981a,1,,16,painter,"Professional, technical and related workers"
46,circitor,18,Managerial,Waltzing - provinces,2,,22,"A watchman, overseer, supervisor",Administrative and managerial workers
47,lapidarius,17,Building,Waltzing - provinces,7,Stone worker,71,stone-cutter,"Production and related workers, transport equipment operators and labourers"
48,purpurarius,17,Clothing,Petrikovits 1981a,7,Colour production,75,purple colour dyer,"Production and related workers, transport equipment operators and labourers"
49,sarcinatrix,17,Clothing,Petrikovits 1981b,7,,79,"female patcher, botcher, mender of old garments","Production and related workers, transport equipment operators and labourers"
50,coactor,17,Clothing,Petrikovits 1981a,7,,75,felt producer or seller,"Production and related workers, transport equipment operators and labourers"
51,aurifex,16,Metal-Working,Waltzing - Rome,8,,88,goldsmith,"Production and related workers, transport equipment operators and labourers"
52,lanius,16,Food-Production,Waltzing - Rome,7,,77,a butcher,"Production and related workers, transport equipment operators and labourers"
53,armamentarius,16,Miscellaneous Services,Petrikovits 1981a,5,Military,58,"an arsenal provider, armory keeper",Service workers
54,scriptor,16,Managerial,Petrikovits 1981a,3,,30,"one who writes, a writer, scribe, copyist, clerk",Clerical and related workers
55,topiarius,16,Miscellaneous Services,Petrikovits 1981a,5,,55,"gardener, landscaper",Service workers
56,pomarius,14,Food-Retail,Waltzing - provinces,4,,45,"of fruit, of fruittrees seller",Sales workers
57,salarius,14,Retail,Waltzing - Rome,4,,43,"salt maker, dealer",Sales workers
58,tector,14,Building,Waltzing - provinces,9,,95,"one that overlays walls with plaster, stucco, etc., a plasterer, pargeter","Production and related workers, transport equipment operators and labourers"
59,margaritarius,14,Retail,Petrikovits 1981a,4,,43,"a dealer in pearls, a pearl-fisher",Sales workers
60,scabillarius,14,Miscellaneous Services,Waltzing - Rome,9,,99,"player of a footstool, cricket","Production and related workers, transport equipment operators and labourers"
61,dissignator,13,Managerial,Waltzing - provinces,2,,21,"an undertaker, manager",Administrative and managerial workers
62,scutarius,13,Miscellaneous Services,Petrikovits 1981a,8,,83,shield maker,"Production and related workers, transport equipment operators and labourers"
63,exceptor,12,Education,Waltzing - Rome,3,,32,"an amanuensis, short-hand writer, scribe",Clerical and related workers
64,agrimensor,12,Miscellaneous Services,Petrikovits 1981a,0,,2,a landsurveyor,"Professional, technical and related workers"
65,vascularius,12,Metal-Working,Waltzing - Rome,8,,88,"a worker in metals, whitesmith, goldsmith","Production and related workers, transport equipment operators and labourers"
66,cellarius,12,Household Goods,Petrikovits 1981a,5,,55,"one who keeps provisions, a steward, butler",Service workers
67,anularius,10,Metal-Working,Waltzing - Rome,8,,88,maker of rings,"Production and related workers, transport equipment operators and labourers"
68,olearius,10,Food-Production,Waltzing - Rome,6,,61,"oil-maker, olive oil dealer","Agricultural, animal husbandry and forestry workers, fishermen and hunters"
69,parasitus,10,Performing Arts,Waltzing - provinces,1,,17,"a player, actor","Professional, technical and related workers"
70,iumentarius,10,Transport,Waltzing - Rome,9,Land transport,97,of or belonging to draught-cattle,"Production and related workers, transport equipment operators and labourers"
71,lanarius,10,Clothing,Waltzing - provinces,7,,75,a worker in wool,"Production and related workers, transport equipment operators and labourers"
72,copo,10,Miscellaneous Services,Petrikovits 1981a,5,,51,innkeeper,Service workers
73,lignarius,10,Building,Waltzing - provinces,9,Wood worker,95,"A worker in wood, a carpenter, joiner","Production and related workers, transport equipment operators and labourers"
74,capsarius,10,Miscellaneous Services,Petrikovits 1981a,0,,6,"healing asssitant, producer of capsae (a repository, box, bookcase)","Professional, technical and related workers"
75,codicarius,10,Transport,Waltzing - Rome,9,Maritime/water transport,98,those who sail on such ships (esp. those who brought the corn from Ostia to Rome),"Production and related workers, transport equipment operators and labourers"
76,fictor,10,Plastic Arts,Petrikovits 1981a,1,,16,"a moulder, sculptor, image-maker, statuary","Professional, technical and related workers"
77,poeta,9,Performing Arts,Waltzing - Rome,1,,17,a poet,"Professional, technical and related workers"
78,navicularius,9,Transport,Waltzing - Rome,0,Maritime/water transport,4,"a ship-owner who hires out vessels for money, a ship-master, merchant","Professional, technical and related workers"
79,aquarius,9,Water-Management,Waltzing - provinces,9,,95,"fountain worker, of water, watery, water carrier","Production and related workers, transport equipment operators and labourers"
80,lenuncularius,9,Transport,Waltzing - Rome,9,Maritime/water transport,98,one who sails in a small vessel,"Production and related workers, transport equipment operators and labourers"
81,quasillaria,9,Clothing,Petrikovits 1981a,7,,75,"a basketwench, spinning-girl","Production and related workers, transport equipment operators and labourers"
82,ornator,8,Miscellaneous Services,Petrikovits 1981a,5,,54,"An adorner, dresser",Service workers
83,seplasiarius,8,Miscellaneous Services,Petrikovits 1981a,9,,94,anoitment maker and seller,"Production and related workers, transport equipment operators and labourers"
84,piscator,8,Food-Production,Waltzing - Rome,6,,64,"a fisherman, fisher","Agricultural, animal husbandry and forestry workers, fishermen and hunters"
85,plumbarius,8,Metal-Working,Petrikovits 1981a,8,,87,"a plumber, lead worker","Production and related workers, transport equipment operators and labourers"
86,clavicularius,8,Metal-Working,Petrikovits 1981a,8,,83,"A bar, bolt of the door maker, or guardian of a prison","Production and related workers, transport equipment operators and labourers"
87,tibicinus,8,Performing Arts,Waltzing - Rome,1,,17,flute player,"Professional, technical and related workers"
88,aurificus,8,Metal-Working,Petrikovits 1981a,8,,88,"goldworker, goldsmith","Production and related workers, transport equipment operators and labourers"
89,magnarius,8,Retail,Waltzing - Rome,4,,43,"a dealer in gross, wholesale dealer",Sales workers
90,officinator,8,Miscellaneous Services,Petrikovits 1981a,5,,51,"one who keeps a workshop, a master-workman, an artificer, artist",Service workers
91,caligarius,7,Clothing,Waltzing - Rome,8,Shoe maker,80,a shoemaker,"Production and related workers, transport equipment operators and labourers"
92,ferrarius,7,Metal-Working,Petrikovits 1981a,8,,83,iron smith,"Production and related workers, transport equipment operators and labourers"
93,forensis,7,Managerial,Waltzing - provinces,2,,22,"of or belonging to the market or forum, public, trader, a public pleader, advocate",Administrative and managerial workers
94,subaedianus,7,Building,Waltzing - Rome,9,Wood worker,95,carpenter ?,"Production and related workers, transport equipment operators and labourers"
95,materiarius,7,Building,Petrikovits 1981a,9,Wood worker,95,wood-worker,"Production and related workers, transport equipment operators and labourers"
96,scholasticus,7,Education,Waltzing - provinces,1,,13,"who teaches or studies rhetoric, a lecturer in the schools, a rhetorician","Professional, technical and related workers"
97,fossor,7,Building,Petrikovits 1981a,9,,97,"a digger, delver, ditcher","Production and related workers, transport equipment operators and labourers"
98,aedifex,7,Building,Petrikovits 1981a,0,,2,builder,"Professional, technical and related workers"
99,colorator,6,Clothing,Petrikovits 1981a,7,Colour production,75,"dyer, colormaker, painter","Production and related workers, transport equipment operators and labourers"
100,tabernarius,6,Retail,Waltzing - Rome,4,,45,"shopkeepers, small dealers",Sales workers
101,artifex,6,Plastic Arts,Petrikovits 1981a,1,,16,"One that is master in the liberal arts,an artist, artificer","Professional, technical and related workers"
102,quadratarius,6,Building,Petrikovits 1981a,9,Stone worker,95,stonemason,"Production and related workers, transport equipment operators and labourers"
103,gladiarius,6,Metal-Working,Petrikovits 1981a,8,,83,a sword-cutler,"Production and related workers, transport equipment operators and labourers"
104,acceptor,5,Finance,Waltzing - Rome,3,,31,"collector, gold quality checker",Clerical and related workers
105,dolabrarius,5,Metal-Working,Waltzing - provinces,8,,83,a pickaxe-maker,"Production and related workers, transport equipment operators and labourers"
106,utricularius,5,Transport,Waltzing - provinces,0,Maritime/water transport,4,"a bagpiper, The master of a raft floated on bladders, used for ferriage","Professional, technical and related workers"
107,aurarius,5,Metal-Working,Waltzing - provinces,7,,71,gold-mine worker,"Production and related workers, transport equipment operators and labourers"
108,cretaria,5,Retail,Petrikovits 1981a,4,,43,"a shop for Cretan earth, pottery",Sales workers
109,saccarius,5,Transport,Waltzing - Rome,9,Land transport,97,"one who carries sacks, sack maker","Production and related workers, transport equipment operators and labourers"
110,hastifer,5,Miscellaneous Services,Waltzing - provinces,5,,58,city militia,Service workers
111,pequarius,5,Food-Production,Waltzing - Rome,6,,62,"sheep, cattle breader","Agricultural, animal husbandry and forestry workers, fishermen and hunters"
112,plumarius,5,Household Goods,Waltzing - Rome,7,,79,an embroiderer,"Production and related workers, transport equipment operators and labourers"
113,textor,5,Clothing,Petrikovits 1981a,7,,75,weaver,"Production and related workers, transport equipment operators and labourers"
114,cerarius,5,Household Goods,Petrikovits 1981a,7,,77,manufacturer of wax products,"Production and related workers, transport equipment operators and labourers"
115,gerulus,5,Transport,Waltzing - Rome,9,Land transport,97,"a carrier, porter","Production and related workers, transport equipment operators and labourers"
116,curator navium,5,Managerial,Waltzing - Rome,2,,21,ship manager,Administrative and managerial workers
117,coronarius,5,Miscellaneous Services,Waltzing - Rome,8,,88,maker of wreaths/crowns,"Production and related workers, transport equipment operators and labourers"
118,corarius,5,Clothing,Waltzing - Rome,7,,76,tanner of leather and hides,"Production and related workers, transport equipment operators and labourers"
119,faber tignuarii,5,Building,Waltzing - Rome,0,,2,builder,"Professional, technical and related workers"
120,navigans,4,Transport,Waltzing - Rome,9,Maritime/water transport,98,one who sails in a small vessel,"Production and related workers, transport equipment operators and labourers"
121,lintiarius,4,Clothing,Waltzing - provinces,7,,75,"a linen-weaver, dealer in linen","Production and related workers, transport equipment operators and labourers"
122,brattiarius,4,Metal-Working,Petrikovits 1981a,8,,88,"goldsheet maker, worker","Production and related workers, transport equipment operators and labourers"
123,institor,4,Retail,Petrikovits 1981a,4,,45,"a factor, broker, huckster, hawker, peddler",Sales workers
124,diffusor,4,Food-Retail,Waltzing - provinces,4,,43,trader of oil,Sales workers
125,calcarius,4,Building,Petrikovits 1981a,7,Stone worker,71,limestone quarry worker,"Production and related workers, transport equipment operators and labourers"
126,aeneator,4,Performing Arts,Waltzing - Rome,1,,17,"musician, one who blows a horn in war
","Professional, technical and related workers"
127,essedarius,4,Miscellaneous Services,Petrikovits 1981a,5,Military,58,a fighter in a war-chariot,Service workers
128,pecuarius,4,Food-Production,Waltzing - Rome,6,,62,"sheep, cattle breader","Agricultural, animal husbandry and forestry workers, fishermen and hunters"
129,pausarius,4,Finance,Waltzing - Rome,3,,33,"A money-changer, banker",Clerical and related workers
130,paenularius,4,Clothing,Petrikovits 1981a,7,,79,cloak or mantle maker and seller,"Production and related workers, transport equipment operators and labourers"
131,urinator,4,Food-Production,Waltzing - Rome,6,,64,a fisherman,"Agricultural, animal husbandry and forestry workers, fishermen and hunters"
132,scalptor,4,Plastic Arts,Petrikovits 1981a,1,,16,"a cutter, graver in metal or stone","Professional, technical and related workers"
133,opifex,4,Building,Waltzing - provinces,0,,2,"a worker, workman, mechanic, artisan","Professional, technical and related workers"
134,mulionus,4,Transport,Waltzing - provinces,9,Land transport,98,of a mule-driver,"Production and related workers, transport equipment operators and labourers"
135,candidator,4,Clothing,Petrikovits 1981a,7,,79,"uncertain, textile washer","Production and related workers, transport equipment operators and labourers"
136,specularius,4,Glass-Working,Waltzing - Rome,8,,89,"a mirror-maker, window glass maker","Production and related workers, transport equipment operators and labourers"
137,caupo,4,Retail,Petrikovits 1981a,4,,43,"a petty tradesman, huckster, innkeeper",Sales workers
138,sacomarius,4,Miscellaneous Services,Petrikovits 1981a,8,,83,one who makes counterpoises or weights ,"Production and related workers, transport equipment operators and labourers"
139,intestinarius,4,Building,Petrikovits 1981a,8,Wood worker,82,woodworker,"Production and related workers, transport equipment operators and labourers"
140,apparator,4,Miscellaneous Services,Waltzing - Rome,9,,99,one that prepares,"Production and related workers, transport equipment operators and labourers"
141,stuppator,4,Building,Petrikovits 1981a,8,Wood worker,81,"caulker, joiner","Production and related workers, transport equipment operators and labourers"
142,figulus,3,Household Goods,Waltzing - Rome,8,,89,a potter,"Production and related workers, transport equipment operators and labourers"
143,agricola,3,Food-Production,Petra's addition,6,,62,"a husbandman, agriculturist, ploughman, farmer, peasant","Agricultural, animal husbandry and forestry workers, fishermen and hunters"
144,sartor,3,Miscellaneous Services,Petrikovits 1981a,6,,61,"A hoer, weeder, cultivator","Agricultural, animal husbandry and forestry workers, fishermen and hunters"
145,offector,3,Clothing,Petrikovits 1981a,7,Colour production,75,dyer,"Production and related workers, transport equipment operators and labourers"
146,caelator,3,Plastic Arts,Petrikovits 1981a,1,,16,"relief maker, carver","Professional, technical and related workers"
147,factor,3,Food-Production,Petrikovits 1981a,6,,61,an oil-presser,"Agricultural, animal husbandry and forestry workers, fishermen and hunters"
148,tegularius,3,Building,Petrikovits 1981a,9,,95,"a tile, roof-tile maker","Production and related workers, transport equipment operators and labourers"
149,infector,3,Clothing,Petrikovits 1981a,7,Colour production,75,a dyer,"Production and related workers, transport equipment operators and labourers"
150,cervesarius,3,Food-Production,Petrikovits 1981a,5,,53,"beermaker, brewer",Service workers
151,fontanus,3,Water-Management,Waltzing - provinces,9,,95,"of a spring, from a fountain, spring, worker?","Production and related workers, transport equipment operators and labourers"
152,spatharius,3,Metal-Working,Petrikovits 1981a,8,,83,"a broad sword with a double edge, sabre maker","Production and related workers, transport equipment operators and labourers"
153,athleta,3,Performing Arts,Waltzing - provinces,1,,17,"a wrestler, athlete, combatant in public games","Professional, technical and related workers"
154,manticularius,3,Clothing,Waltzing - provinces,7,,79,"manufacturer of a small wallet, purse, pouch","Production and related workers, transport equipment operators and labourers"
155,clavarius,3,Metal-Working,Petrikovits 1981a,8,,83,nail maker,"Production and related workers, transport equipment operators and labourers"
156,nauclerus,3,Transport,Waltzing - provinces,0,Maritime/water transport,4,"a shipowner, a ship-master, skipper","Professional, technical and related workers"
157,cuparius,3,Metal-Working,Waltzing - provinces,8,,83,a cooper,"Production and related workers, transport equipment operators and labourers"
158,vinariarius,3,Food-Retail,Waltzing - Rome,4,,43,a wine - dealer,Sales workers
159,archimagirus,3,Food-Production,Petrikovits 1981a,5,,53,chef,Service workers
160,suarius,3,Food-Production,Waltzing - Rome,6,,62,pig breader,"Agricultural, animal husbandry and forestry workers, fishermen and hunters"
161,sculptor,3,Plastic Arts,Petrikovits 1981a,1,,16,"one who cuts, carves, or engraves in stone, wood","Professional, technical and related workers"
162,capulator,3,Miscellaneous Services,Waltzing - Rome,5,,53,decanter,Service workers
163,caplator,3,Transport,Waltzing - provinces,9,,97,oil transporter,"Production and related workers, transport equipment operators and labourers"
164,scapharius,3,Transport,Waltzing - Rome,0,Maritime/water transport,4,owner of a small boat,"Professional, technical and related workers"
165,unctrix,3,Miscellaneous Services,Petrikovits 1981a,5,,57,female perfume or ointment maker,Service workers
166,machinarius,3,Building,Petrikovits 1981a,9,,95,"a machinist, machine-builder,","Production and related workers, transport equipment operators and labourers"
167,vestiplicus,3,Clothing,Petrikovits 1981a,7,,79,a clothes-folder,"Production and related workers, transport equipment operators and labourers"
168,vestificus,3,Clothing,Petrikovits 1981a,7,,79,tailor,"Production and related workers, transport equipment operators and labourers"
169,lectarius,3,Household Goods,Petrikovits 1981a,8,,81,a couch-maker,"Production and related workers, transport equipment operators and labourers"
170,politor,3,Miscellaneous Services,Petrikovits 1981a,5,,56,"a cultivator, improver, a polisher",Service workers
171,eborarius,3,Miscellaneous Services,Waltzing - Rome,8,,88,a worker in ivory,"Production and related workers, transport equipment operators and labourers"
172,sector,2,Building,Waltzing - Rome,8,,82,"one who cuts, a cutter","Production and related workers, transport equipment operators and labourers"
173,carminator,2,Clothing,Petrikovits 1981a,7,,75,"a carder, practitioner of carding, a method of preparing wool for use as a textile","Production and related workers, transport equipment operators and labourers"
174,mesor,2,Miscellaneous Services,Petrikovits 1981a,0,,2,"a measurer, surveyor","Professional, technical and related workers"
175,utriclarius,2,Transport,Waltzing - provinces,0,Maritime/water transport,4,"a bagpiper, The master of a raft floated on bladders, used for ferriage","Professional, technical and related workers"
176,canalicularius,2,Water-Management,Petrikovits 1981a,9,,95,"canal constructor, specialized worker","Production and related workers, transport equipment operators and labourers"
177,arenarius,2,Performing Arts,Waltzing - provinces,1,,17,"harenarius, combatant in the amphitheatre, a gladiator","Professional, technical and related workers"
178,faber ferrarii,2,Metal-Working,Waltzing - Rome,8,,83,blacksmith,"Production and related workers, transport equipment operators and labourers"
179,intestinus,2,Building,Petrikovits 1981a,8,Wood worker,82,woodworker,"Production and related workers, transport equipment operators and labourers"
180,fabriciensis,2,Metal-Working,Petrikovits 1981a,8,,83,an armorer,"Production and related workers, transport equipment operators and labourers"
181,fabricensis,2,Metal-Working,Waltzing - provinces,8,,83,an armorer,"Production and related workers, transport equipment operators and labourers"
182,operarius,2,Miscellaneous Services,Petrikovits 1981a,9,,94,"a laborer, workman, operative","Production and related workers, transport equipment operators and labourers"
183,legulus,2,Food-Production,Petrikovits 1981a,6,,61,"a gatherer, collector; esp. one who picked up the fallen olives","Agricultural, animal husbandry and forestry workers, fishermen and hunters"
184,gypsarius,2,Building,Petrikovits 1981a,9,,95,plaster worker,"Production and related workers, transport equipment operators and labourers"
185,naupegus,2,Transport,Petrikovits 1981a,9,Maritime/water transport,95,"a shipbuilder, shipwright, ship-carpenter","Production and related workers, transport equipment operators and labourers"
186,propola,2,Retail,Waltzing - provinces,4,,45,"a forestaller, retailer, huckster",Sales workers
187,pectenarius,2,Household Goods,Petrikovits 1981a,8,,81,a combmaker,"Production and related workers, transport equipment operators and labourers"
188,gisiarius,2,Transport,Waltzing - provinces,9,Land transport,95,The maker / driver of a cabriolet,"Production and related workers, transport equipment operators and labourers"
189,coriarius,2,Clothing,Waltzing - provinces,7,,76,"a tanner, currier","Production and related workers, transport equipment operators and labourers"
190,annonarius,2,Managerial,Waltzing - provinces,3,,30,of or pertaining to provisions,Clerical and related workers
191,pollio,2,Miscellaneous Services,Petrikovits 1981a,5,,56,"a cultivator, improver, a polisher",Service workers
192,statuarius,2,Plastic Arts,Petrikovits 1981a,1,,16,"a maker of statues, a statuary ","Professional, technical and related workers"
193,speculariarius,2,Glass-Working,Petrikovits 1981a,8,,89,"a mirror-maker, window glass maker","Production and related workers, transport equipment operators and labourers"
194,vector,2,Transport,Waltzing - Rome,9,Land transport,97,"one who bears, a bearer, carrier","Production and related workers, transport equipment operators and labourers"
195,vestitor,2,Clothing,Petrikovits 1981a,7,,79,tailor,"Production and related workers, transport equipment operators and labourers"
196,macellarius,2,Food-Production,Waltzing - provinces,7,,77,butcher,"Production and related workers, transport equipment operators and labourers"
197,professor,2,Education,Waltzing - provinces,1,,13,a public teacher,"Professional, technical and related workers"
198,salinator,2,Food-Retail,Waltzing - provinces,4,,45,a dealer in salt,Sales workers
199,molendarius,2,Food-Production,Waltzing - Rome,6,,61,miller,"Agricultural, animal husbandry and forestry workers, fishermen and hunters"
200,restio,2,Retail,Waltzing - Rome,4,,43,"A ropemaker, rope-seller",Sales workers
201,lanipendia,2,Clothing,Petrikovits 1981b,7,,75,one who weighs out wool,"Production and related workers, transport equipment operators and labourers"
202,linarius,2,Clothing,Waltzing - provinces,7,,75,"a linen-weaver, dealer in linen","Production and related workers, transport equipment operators and labourers"
203,confector,2,Miscellaneous Services,Petrikovits 1981a,7,,76,"an accomplisher, finisher, a tanner","Production and related workers, transport equipment operators and labourers"
204,custodiarius,2,Miscellaneous Services,Waltzing - Rome,5,,58,a jailer,Service workers
205,lintio,2,Clothing,Petrikovits 1981a,7,,75,"a linen-weaver, dealer in linen","Production and related workers, transport equipment operators and labourers"
206,ratiarius,2,Transport,Waltzing - provinces,9,Maritime/water transport,98,"a raftsman, lighterman","Production and related workers, transport equipment operators and labourers"
207,tignor,2,Building,Petrikovits 1981a,9,Wood worker,95,carpenter,"Production and related workers, transport equipment operators and labourers"
208,cultrarius,2,Metal-Working,Petrikovits 1981a,8,,83,"knife maker, cutler","Production and related workers, transport equipment operators and labourers"
209,sericarius,2,Clothing,Petrikovits 1981a,7,,75,silk producer and dealer,"Production and related workers, transport equipment operators and labourers"
210,dominus navium,2,Transport,Waltzing - Rome,0,Maritime/water transport,4,shipmaster,"Professional, technical and related workers"
211,mimus,2,Performing Arts,Waltzing - Rome,1,,17,mime,"Professional, technical and related workers"
212,pellio,2,Clothing,Petrikovits 1981a,7,,76,"one that prepares skins, a furrier","Production and related workers, transport equipment operators and labourers"
213,libarius,2,Food-Production,Petrikovits 1981a,5,,53,"a pastry-cook, confectioner",Service workers
214,gemmarius,2,Plastic Arts,Petrikovits 1981a,1,,16,"gem maker, carver","Professional, technical and related workers"
215,cisiarius,2,Transport,Waltzing - Rome,9,Land transport,95,The maker / driver of a cabriolet,"Production and related workers, transport equipment operators and labourers"
216,siricarius,2,Clothing,Petrikovits 1981a,7,,75,silk producer and dealer,"Production and related workers, transport equipment operators and labourers"
217,tonstrix,2,Miscellaneous Services,Petrikovits 1981a,5,,55,female hairdresser and shearers,Service workers
218,sarcinator,2,Clothing,Petrikovits 1981a,7,,79,"a patcher, botcher, mender of old garments","Production and related workers, transport equipment operators and labourers"
219,suppostor,2,Finance,Petrikovits 1981a,3,,31,coin maker,Clerical and related workers
220,signator,2,Finance,Petrikovits 1981a,3,,39,"one who stamps money, a coiner",Clerical and related workers
221,inaurator,2,Metal-Working,Waltzing - Rome,8,,88,a gilder,"Production and related workers, transport equipment operators and labourers"
222,boarius,2,Food-Production,Waltzing - Rome,6,,62,cattle breader,"Agricultural, animal husbandry and forestry workers, fishermen and hunters"
223,solatarius,2,Clothing,Petrikovits 1981a,8,Shoe maker,80,shoe maker,"Production and related workers, transport equipment operators and labourers"
224,panarius,2,Food-Retail,Petrikovits 1981a,4,,45,a bread-seller,Sales workers
225,fidicinus,2,Performing Arts,Waltzing - Rome,1,,17,lute player,"Professional, technical and related workers"
226,calciator,2,Clothing,Petrikovits 1981a,8,Shoe maker,80,a shoemaker,"Production and related workers, transport equipment operators and labourers"
227,tostrix,2,Miscellaneous Services,Petrikovits 1981a,5,,57,female hairdresser and shearers,Service workers
228,flaturarius,2,Metal-Working,Petrikovits 1981a,8,,83,a caster,"Production and related workers, transport equipment operators and labourers"
229,faenarius,2,Finance,Waltzing - Rome,3,,39,one who lends money on interest,Clerical and related workers
230,tabernacularius,2,Miscellaneous Services,Petrikovits 1981a,7,,79,tent maker,"Production and related workers, transport equipment operators and labourers"
231,axearius,2,Building,Petrikovits 1981a,8,,82,"uncertain, board-cutter","Production and related workers, transport equipment operators and labourers"
232,barbaricarius,2,Clothing,Petrikovist 1981b,7,,75,textile worker,"Production and related workers, transport equipment operators and labourers"
233,scalarius,2,Building,Petrikovits 1981a,9,,95,"step maker, ladder maker","Production and related workers, transport equipment operators and labourers"
234,carpentarius,2,Transport,Petrikovits 1981b,9,Land transport,95,a wheelwright,"Production and related workers, transport equipment operators and labourers"
235,dolator,1,Building,Petrikovits 1981a,9,,95,worker with an axe,"Production and related workers, transport equipment operators and labourers"
236,pectinarius,1,Household Goods,Petrikovits 1981a,8,,81,a combmaker,"Production and related workers, transport equipment operators and labourers"
237,caementarius,1,Building,Petrikovits 1981a,9,Stone worker,95,mason,"Production and related workers, transport equipment operators and labourers"
238,soliarius,1,Clothing,Petrikovits 1981a,8,Shoe maker,80,shoe maker,"Production and related workers, transport equipment operators and labourers"
239,subidianus,1,Building,Waltzing - provinces,9,Wood worker,95,carpenter ?,"Production and related workers, transport equipment operators and labourers"
240,anaglyptarius,1,Plastic Arts,Petrikovits 1981a,1,,16,"relief maker, carver","Professional, technical and related workers"
241,lanificus,1,Clothing,Petrikovits 1981a,7,,75,a wool-spinner,"Production and related workers, transport equipment operators and labourers"
242,lapicida,1,Building,Petrikovits 1981a,7,Stone worker,71,"a quarryman, stone-cutter","Production and related workers, transport equipment operators and labourers"
243,scultor,1,Plastic Arts,Petrikovits 1981a,1,,16,"one who cuts, carves, or engraves in stone, wood","Professional, technical and related workers"
244,olarius,1,Household Goods,Petrikovits 1981a,8,,89,potter,"Production and related workers, transport equipment operators and labourers"
245,conquiliarius,1,Clothing,Petrikovits 1981a,7,Colour production,75,a collector of purpur shell-fish,"Production and related workers, transport equipment operators and labourers"
246,calegarius,1,Clothing,Petrikovits 1981a,8,Shoe maker,80,a shoemaker,"Production and related workers, transport equipment operators and labourers"
247,pistur,1,Food-Production,Petrikovits 1981a,6,,61,"one who pounds corn in a mortar or grinds it in a hand-mill, a miller, a baker","Agricultural, animal husbandry and forestry workers, fishermen and hunters"
248,moritex,1,Unclear meaning,Petrikovits 1981a,,,,unclear,
249,focarius,1,Food-Production,Waltzing - provinces,5,,53,"a kitchen-boy; a kitchen-maid, cook",Service workers
250,conflator,1,Metal-Working,Petrikovits 1981a,8,,83,a metal-caster,"Production and related workers, transport equipment operators and labourers"
251,vasclarius,1,Metal-Working,Petrikovits 1981a,8,,88,"a worker in metals, whitesmith, goldsmith","Production and related workers, transport equipment operators and labourers"
252,carbonarus,1,Fuel / Raw material,Petrikovits 1981a,7,,71,"coal handler, worker, miner","Production and related workers, transport equipment operators and labourers"
253,imaginarius,1,Plastic Arts,Petrikovits 1981a,1,,16,painter,"Professional, technical and related workers"
254,anabolicarius,1,Transport,Waltzing - Rome,9,Maritime/water transport,98,one day sailor,"Production and related workers, transport equipment operators and labourers"
255,machinator,1,Miscellaneous Services,Petrikovits 1981a,0,,2,"a maker of machines, a machinist, an engineer, architect","Professional, technical and related workers"
256,polio,1,Miscellaneous Services,Petrikovits 1981a,5,,56,"a cultivator, improver, a polisher",Service workers
257,artefex,1,Plastic Arts,Petrikovits 1981a,1,,16,"One that is master in the liberal arts,an artist, artificer","Professional, technical and related workers"
258,tubularius,1,Water-Management,Petrikovits 1981a,8,,87,pipe maker,"Production and related workers, transport equipment operators and labourers"
259,camararius,1,Building,Petrikovits 1981a,9,,95,vault building worker,"Production and related workers, transport equipment operators and labourers"
260,lanionus,1,Food-Production,Waltzing - provinces,7,,77,of or belonging to a butcher,"Production and related workers, transport equipment operators and labourers"
261,clibanarius,1,Food-Production,Waltzing - provinces,5,,53,"a soldier clad in mail, a cuirassier, baker",Service workers
262,decanus,1,Managerial,Waltzing - Rome,2,,22,"A chief of ten, one set over ten persons",Administrative and managerial workers
263,molinarius,1,Food-Production,Petrikovits 1981a,6,,61,miller,"Agricultural, animal husbandry and forestry workers, fishermen and hunters"
264,aurufex,1,Metal-Working,Petrikovits 1981a,8,,88,"goldworker, goldsmith","Production and related workers, transport equipment operators and labourers"
265,ephippiarius,1,Transport,Petrikovits 1981a,8,Land transport,80,saddler,"Production and related workers, transport equipment operators and labourers"
266,lupinarius,1,Food-Retail,Waltzing - Rome,4,,43,dealers in lupines,Sales workers
267,harenarius,1,Performing Arts,Waltzing - provinces,1,,17,"A combatant in the amphitheatre, a gladiator or A teacher of the elements of arithmetic","Professional, technical and related workers"
268,laniarius,1,Food-Production,Petrikovits 1981a,5,,53,a butcher,Service workers
269,lanio,1,Food-Production,Petrikovits 1981a,7,,77,a butcher,"Production and related workers, transport equipment operators and labourers"
270,rosarius,1,Retail,Waltzing - Rome,4,,43,seller of roses,Sales workers
271,faber tignarii,1,Building,Waltzing - Rome,0,,2,builder,"Professional, technical and related workers"
272,scaenarius,1,Plastic Arts,Petrikovits 1981a,1,,16,a painter,"Professional, technical and related workers"
273,cellio,1,Household Goods,Petrikovits 1981a,5,,55,"one who keeps provisions, a steward, butler",Service workers
274,lotorus,1,Clothing,Waltzing - provinces,7,,75,"fuller, clening wool","Production and related workers, transport equipment operators and labourers"
275,navigator,1,Transport,Waltzing - Rome,9,Maritime/water transport,98,sailor,"Production and related workers, transport equipment operators and labourers"
276,lanternarius,1,Household Goods,Petrikovits 1981a,8,,81,lamp maker,"Production and related workers, transport equipment operators and labourers"
277,porcinarius,1,Food-Production,Waltzing - Rome,6,,62,pig breader,"Agricultural, animal husbandry and forestry workers, fishermen and hunters"
278,candidarius,1,Food-Production,Petrikovits 1981a,5,,53,a baker,Service workers
279,saburrarius,1,Transport,Waltzing - Rome,9,Maritime/water transport,97,one who carries ballast to ships,"Production and related workers, transport equipment operators and labourers"
280,cisianus,1,Transport,Petrikovits 1981a,9,,95,"uncertain, the maker / driver of a cabriolet","Production and related workers, transport equipment operators and labourers"
281,nauticarius,1,Transport,Waltzing - Rome,0,Maritime/water transport,4,a shipmaster,"Professional, technical and related workers"
282,ollarius,1,Household Goods,Petrikovts 1981b,8,,89,potter,"Production and related workers, transport equipment operators and labourers"
283,navigiarius,1,Transport,Waltzing - Rome,9,Maritime/water transport,98,one who sails in a small vessel,"Production and related workers, transport equipment operators and labourers"
284,lyntrarius,1,Transport,Waltzing - provinces,9,Maritime/water transport,95,raft-maker,"Production and related workers, transport equipment operators and labourers"
285,albarius,1,Building,Petrikovits 1981a,9,,95,"worker in stucco, a plasterer","Production and related workers, transport equipment operators and labourers"
286,veterarius,1,Miscellaneous Services,Petrikovits 1981a,9,,99,fixer of old things,"Production and related workers, transport equipment operators and labourers"
287,refector pectinarius,1,Household Goods,Petrikovits 1981a,8,,81,"a restorer, repairer of combs","Production and related workers, transport equipment operators and labourers"
288,loricarius,1,Miscellaneous Services,Petrikovits 1981a,8,Military,83,"maker of lorica, cuirass","Production and related workers, transport equipment operators and labourers"
289,exactor auri argenti et aeris,1,Finance,Petrikovits 1981a,3,,31,"overseer of gold and silver money production,a collector of taxes, a tax gatherer",Clerical and related workers
290,aromatarius,1,Retail,Waltzing - Rome,4,,43,"seller of perfumes, spices",Sales workers
291,subrutor,1,Building,Waltzing - Rome,9,,99,demolisher,"Production and related workers, transport equipment operators and labourers"
292,falancarius,1,Transport,Waltzing - Rome,9,Land transport,97,one who carries burdens with the aid of a long pole,"Production and related workers, transport equipment operators and labourers"
293,similaginarius,1,Food-Production,Petrikovits 1981a,5,,53,wheat bread baker,Service workers
294,librator,1,Miscellaneous Services,Petrikovits 1981a,0,,2,"a leveller, esp. by means of a water-level, a surveyor","Professional, technical and related workers"
295,cellararius,1,Household Goods,Petrikovits 1981a,5,,55,"one who keeps provisions, a steward, butler",Service workers
296,vitriarius,1,Glass-Working,Petrikovits 1981a,8,,89,glass manufacturer,"Production and related workers, transport equipment operators and labourers"
297,cerdo,1,Miscellaneous Services,Petrikovits 1981a,9,,94,a handicraftsman,"Production and related workers, transport equipment operators and labourers"
298,parietarius,1,Plastic Arts,Petrikovits 1981a,1,,16,a painter,"Professional, technical and related workers"
299,textrix,1,Clothing,Petrikovits 1981a,7,,75,female weaver,"Production and related workers, transport equipment operators and labourers"
300,palangarius,1,Food-Retail,Waltzing - Rome,5,,53,wine bearer,Service workers
301,subaedanus,1,Miscellaneous Services,Petrikovits 1981b,5,,54,worker inside the house,Service workers
302,eburarius,1,Miscellaneous Services,Petrikovits 1981a,8,,88,a worker in ivory,"Production and related workers, transport equipment operators and labourers"
303,monetarius,1,Finance,Waltzing - Rome,3,,31,a master of the mint,Clerical and related workers
304,tubarius,1,Miscellaneous Services,Petrikovits 1981a,8,Military,83,"a trumpet, war-trumpet maker and distributor","Production and related workers, transport equipment operators and labourers"
305,abietarius,1,Building,Petrikovits 1981a,8,Wood worker,81,"a joiner, wood worker","Production and related workers, transport equipment operators and labourers"
306,calcariensis,1,Building,Waltzing - Rome,7,Stone worker,74,a limeburner,"Production and related workers, transport equipment operators and labourers"
307,calcarensis,1,Building,Petrikovits 1981a,7,Stone worker,74,a limeburner,"Production and related workers, transport equipment operators and labourers"
308,furnarius,1,Food-Production,Petrikovits 1981a,5,,53,"baker, stove builder",Service workers
309,chartarius,1,Miscellaneous Services,Petrikovits 1981a,9,,91,papyrus maker,"Production and related workers, transport equipment operators and labourers"
310,clostrarius,1,Household Goods,Petrikovits 1981a,8,,83,lock maker and seller,"Production and related workers, transport equipment operators and labourers"
311,conditarius,1,Food-Production,Petrikovits 1981a,5,,53,"fine cook, foor preparer",Service workers
312,confectorarius,1,Food-Production,Waltzing - Rome,5,,53,a butcher,Service workers
313,automatarius,1,Miscellaneous Services,Petrikovits 1981a,9,,99,a maker of automata,"Production and related workers, transport equipment operators and labourers"
314,ferrius,1,Metal-Working,Petrikovits 1981a,8,,83,worker with iron,"Production and related workers, transport equipment operators and labourers"
315,oculariarius,1,Plastic Arts,Petrikovits 1981a,1,,16,"artisan, glass eye maker for statues","Professional, technical and related workers"
316,florentinarius,1,Unclear meaning,Petrikovits 1981a,,,,uncertain,
317,glutinarius,1,Miscellaneous Services,Petrikovits 1981a,7,,74,"glue boiler, glue maker","Production and related workers, transport equipment operators and labourers"
318,holitor,1,Food-Production,Petrikovits 1981a,6,,63,"gardener, vegetable gardener","Agricultural, animal husbandry and forestry workers, fishermen and hunters"
319,inundatoris,1,Unclear meaning,Waltzing - Rome,,,,unclear,
320,coactiliarius,1,Clothing,Petrikovits 1981a,7,,75,felt maker,"Production and related workers, transport equipment operators and labourers"
321,musivarius,1,Unclear meaning,Petrikovits 1981a,,,,unclear,
322,salsamentarius,1,Food-Retail,Petrikovits 1981a,4,,45,a dealer in salted fish,Sales workers
323,officinatrix,1,Miscellaneous Services,Petrikovits 1981a,5,,51,"female one who keeps a workshop, a master-workman, an artificer, artist",Service workers
324,pastillarius,1,Food-Production,Petrikovits 1981a,5,,53,a maker of pastils,Service workers
325,quadrigularius,1,Plastic Arts,Petrikovits 1981a,1,,16,a painter,"Professional, technical and related workers"
326,plutiarius,1,Building,Petrikovits 1981a,9,,95,a maker of balustrades,"Production and related workers, transport equipment operators and labourers"
327,promus,1,Miscellaneous Services,Petrikovits 1981a,5,,53,"a cellarer, steward, butler",Service workers
328,signarius,1,Plastic Arts,Petrikovits 1981a,1,,16,a sculptor,"Professional, technical and related workers"
329,tibiarius,1,Transport,Petrikovits 1981a,9,Maritime/water transport,95,"fleet manufacturer, ship maker","Production and related workers, transport equipment operators and labourers"
330,acuclarius,1,Metal-Working,Petrikovits 1981a,8,,83,manufacturer or seller of needles,"Production and related workers, transport equipment operators and labourers"
331,lanifica,1,Clothing,Petrikovits 1981b,7,,75,female wool-spinner,"Production and related workers, transport equipment operators and labourers"
332,vitrarius,1,Glass-Working,Petrikovits 1981b,8,,89,glass manufacturer,"Production and related workers, transport equipment operators and labourers"
333,tractator,1,Miscellaneous Services,Petrikovits 1981a,0,,6,"A slave among the Romans, who manipulated and suppled his master's limbs while anointing them; a shampooer","Professional, technical and related workers"
334,cullearius,1,Household Goods,Petrikovits 1981a,8,,80,"maker of a leather bag, sack for liquids","Production and related workers, transport equipment operators and labourers"
335,peponarius,1,Food-Retail,Waltzing - Rome,4,,45,melon seller,Sales workers
336,liticinus,1,Performing Arts,Waltzing - Rome,1,,17,a player on the clarion,"Professional, technical and related workers"
337,coactarius,1,Clothing,Petrikovits 1981a,7,,75,felt maker,"Production and related workers, transport equipment operators and labourers"
338,lintearius,1,Transport,Waltzing - Rome,9,Maritime/water transport,98,"a boatman, waterman","Production and related workers, transport equipment operators and labourers"
339,caudicarius,1,Transport,Waltzing - Rome,9,Maritime/water transport,98,those who sail on such ships (esp. those who brought the corn from Ostia to Rome),"Production and related workers, transport equipment operators and labourers"
340,furnaria,1,Food-Production,Petrikovits 1981a,5,,53,"female baker, stove builder",Service workers
341,ballistarius,1,Miscellaneous Services,Petrikovits 1981a,0,Military,2,"manufacturer of ballistae, an engine for hurling","Professional, technical and related workers"
342,pincerna,1,Miscellaneous Services,Petrikovits 1981a,5,,53,cupbearer,Service workers
343,scamillarius,1,Miscellaneous Services,Waltzing - provinces,9,,99,"player of a footstool, cricket","Production and related workers, transport equipment operators and labourers"
344,lotor,1,Clothing,Petrikovits 1981a,7,,75,a clothes-washer,"Production and related workers, transport equipment operators and labourers"
345,excusor,1,Metal-Working,Petrikovits 1981a,8,,83,blacksmith,"Production and related workers, transport equipment operators and labourers"
346,pectinator,1,Household Goods,Petrikovits 1981a,8,,81,a combmaker,"Production and related workers, transport equipment operators and labourers"
